Cluster,Median Frequency (Hz),Median Angle of Arrival (degrees),Inertia,Silhouette Score
0,15285889.615807343,181.68877109189344,3.725890441137432e+18,0.5904898147226366
1,45232343.668583326,179.53287152350154,3.725890441137432e+18,0.5904898147226366
2,74917987.07113841,181.24511444516367,3.725890441137432e+18,0.5904898147226366
