Frequency (Hz),Duration (ns),Angle of Arrival (degrees),Strength (dB),current_time
0.0,0.0,0.0,-15.615206213962242,13:44:50.170
0.0,0.0,0.0,-9.776326124658045,13:44:50.171
0.0,0.0,0.0,-11.419210163941813,13:44:50.172
