{"Frequency (Hz)":1501.3906608545,"Angle of Arrival (degrees)":158.09327857}
{"Frequency (Hz)":118.7380404654,"Angle of Arrival (degrees)":155.6411057327}
{"Frequency (Hz)":242.5877049289,"Angle of Arrival (degrees)":148.1647356971}
{"Frequency (Hz)":57.6095370318,"Angle of Arrival (degrees)":154.3914498399}
{"Frequency (Hz)":1470.742209607,"Angle of Arrival (degrees)":153.7049771549}
{"Frequency (Hz)":1059.2822447032,"Angle of Arrival (degrees)":162.2178057157}
{"Frequency (Hz)":699.7917403952,"Angle of Arrival (degrees)":148.8788641209}
{"Frequency (Hz)":1579.126369291,"Angle of Arrival (degrees)":166.5357632977}
{"Frequency (Hz)":1102.2824767042,"Angle of Arrival (degrees)":158.9692138246}
{"Frequency (Hz)":1834.4846224735,"Angle of Arrival (degrees)":163.2340874207}
{"Frequency (Hz)":1366.4409008992,"Angle of Arrival (degrees)":152.9090386763}
{"Frequency (Hz)":1746.1100852093,"Angle of Arrival (degrees)":166.1343080953}
{"Frequency (Hz)":1666.5011208992,"Angle of Arrival (degrees)":154.3000415637}
{"Frequency (Hz)":336.1617491892,"Angle of Arrival (degrees)":154.175382703}
{"Frequency (Hz)":1413.2915455062,"Angle of Arrival (degrees)":155.719796066}
{"Frequency (Hz)":1267.9005508495,"Angle of Arrival (degrees)":152.4862673072}
{"Frequency (Hz)":1600.4814397155,"Angle of Arrival (degrees)":155.5825316547}
{"Frequency (Hz)":638.5964685688,"Angle of Arrival (degrees)":151.219605697}
{"Frequency (Hz)":1240.9585950289,"Angle of Arrival (degrees)":145.939007561}
{"Frequency (Hz)":203.5978152321,"Angle of Arrival (degrees)":169.2532429277}
{"Frequency (Hz)":1963.3202703924,"Angle of Arrival (degrees)":170.6591279762}
{"Frequency (Hz)":28.5008813599,"Angle of Arrival (degrees)":162.5179232708}
{"Frequency (Hz)":82.4292407827,"Angle of Arrival (degrees)":148.8782931952}
{"Frequency (Hz)":600.4910389463,"Angle of Arrival (degrees)":142.5186765729}
{"Frequency (Hz)":906.5692732256,"Angle of Arrival (degrees)":168.0666453472}
{"Frequency (Hz)":1902.5963137347,"Angle of Arrival (degrees)":164.6278483794}
{"Frequency (Hz)":863.0892216457,"Angle of Arrival (degrees)":140.8650028809}
{"Frequency (Hz)":961.3701855617,"Angle of Arrival (degrees)":154.8770441668}
{"Frequency (Hz)":530.7180878414,"Angle of Arrival (degrees)":155.7523338706}
{"Frequency (Hz)":1131.6792201608,"Angle of Arrival (degrees)":157.218670286}
{"Frequency (Hz)":747.0824350496,"Angle of Arrival (degrees)":170.1188260954}
{"Frequency (Hz)":882.1738997201,"Angle of Arrival (degrees)":146.6793868444}
{"Frequency (Hz)":1329.960158241,"Angle of Arrival (degrees)":165.035896313}
{"Frequency (Hz)":766.4406152053,"Angle of Arrival (degrees)":151.8707663076}
{"Frequency (Hz)":1396.7287280847,"Angle of Arrival (degrees)":165.5226454658}
{"Frequency (Hz)":833.0666822601,"Angle of Arrival (degrees)":138.8126719416}
{"Frequency (Hz)":660.374633287,"Angle of Arrival (degrees)":138.3762150234}
{"Frequency (Hz)":1554.3972794917,"Angle of Arrival (degrees)":141.8569100926}
{"Frequency (Hz)":1885.0237521969,"Angle of Arrival (degrees)":164.424578992}
{"Frequency (Hz)":1083.7554403578,"Angle of Arrival (degrees)":151.5896514876}
{"Frequency (Hz)":1712.7827179545,"Angle of Arrival (degrees)":162.8447956934}
{"Frequency (Hz)":508.7630692091,"Angle of Arrival (degrees)":166.1905862314}
{"Frequency (Hz)":272.5713489389,"Angle of Arrival (degrees)":139.4495255325}
{"Frequency (Hz)":1644.2368639588,"Angle of Arrival (degrees)":166.4857966584}
{"Frequency (Hz)":1520.0910177677,"Angle of Arrival (degrees)":140.0198945073}
{"Frequency (Hz)":1012.6524872821,"Angle of Arrival (degrees)":148.3996367628}
{"Frequency (Hz)":984.6566409922,"Angle of Arrival (degrees)":141.3464067642}
{"Frequency (Hz)":1434.5116333074,"Angle of Arrival (degrees)":174.078542311}
{"Frequency (Hz)":1785.3033752335,"Angle of Arrival (degrees)":149.8602303139}
{"Frequency (Hz)":459.1590236039,"Angle of Arrival (degrees)":148.0436498336}
{"Frequency (Hz)":364.0835845534,"Angle of Arrival (degrees)":37.4508881465}
{"Frequency (Hz)":1717.0255669708,"Angle of Arrival (degrees)":46.6378947038}
{"Frequency (Hz)":12.4781594945,"Angle of Arrival (degrees)":33.1645911357}
{"Frequency (Hz)":1265.3106479487,"Angle of Arrival (degrees)":36.1149134352}
{"Frequency (Hz)":1318.2204765137,"Angle of Arrival (degrees)":41.0605023221}
{"Frequency (Hz)":1542.6576178003,"Angle of Arrival (degrees)":35.6395822286}
{"Frequency (Hz)":1389.3609812901,"Angle of Arrival (degrees)":47.0663016123}
{"Frequency (Hz)":467.4162077653,"Angle of Arrival (degrees)":26.0553539484}
{"Frequency (Hz)":1924.3268008027,"Angle of Arrival (degrees)":28.4538426634}
{"Frequency (Hz)":939.1601451668,"Angle of Arrival (degrees)":32.4506833928}
{"Frequency (Hz)":377.0834434817,"Angle of Arrival (degrees)":31.8096994333}
{"Frequency (Hz)":824.1623548831,"Angle of Arrival (degrees)":41.0449943333}
{"Frequency (Hz)":1809.8591195969,"Angle of Arrival (degrees)":17.0415979094}
{"Frequency (Hz)":139.8123724,"Angle of Arrival (degrees)":44.8832967562}
{"Frequency (Hz)":1153.281603838,"Angle of Arrival (degrees)":36.0270504134}
{"Frequency (Hz)":1743.0983255519,"Angle of Arrival (degrees)":22.3096456187}
{"Frequency (Hz)":1587.0713660088,"Angle of Arrival (degrees)":43.9271698984}
{"Frequency (Hz)":1786.7320594221,"Angle of Arrival (degrees)":42.5064590454}
{"Frequency (Hz)":1441.3323172536,"Angle of Arrival (degrees)":36.3695993601}
{"Frequency (Hz)":776.6662642195,"Angle of Arrival (degrees)":45.3880547951}
{"Frequency (Hz)":1486.5102313805,"Angle of Arrival (degrees)":23.9294959888}
{"Frequency (Hz)":100.765561598,"Angle of Arrival (degrees)":46.9091583082}
{"Frequency (Hz)":551.0409739603,"Angle of Arrival (degrees)":39.0944023749}
{"Frequency (Hz)":1608.9145795263,"Angle of Arrival (degrees)":44.9980463614}
{"Frequency (Hz)":710.9488614791,"Angle of Arrival (degrees)":53.8612528867}
{"Frequency (Hz)":70.528545977,"Angle of Arrival (degrees)":57.1776177042}
{"Frequency (Hz)":1196.0925704869,"Angle of Arrival (degrees)":25.1448269321}
{"Frequency (Hz)":223.9849340924,"Angle of Arrival (degrees)":32.3610705619}
{"Frequency (Hz)":759.1924977822,"Angle of Arrival (degrees)":50.9332985221}
{"Frequency (Hz)":1005.8169629507,"Angle of Arrival (degrees)":34.5365025964}
{"Frequency (Hz)":659.4623361836,"Angle of Arrival (degrees)":38.2675572273}
{"Frequency (Hz)":514.1194920726,"Angle of Arrival (degrees)":27.7402088326}
{"Frequency (Hz)":686.7975490459,"Angle of Arrival (degrees)":45.9721911211}
{"Frequency (Hz)":883.0049425385,"Angle of Arrival (degrees)":39.9646322298}
{"Frequency (Hz)":1291.0556610039,"Angle of Arrival (degrees)":31.0699667816}
{"Frequency (Hz)":1831.9088687445,"Angle of Arrival (degrees)":38.429243281}
{"Frequency (Hz)":1123.428326443,"Angle of Arrival (degrees)":51.98454055}
{"Frequency (Hz)":1351.8074907042,"Angle of Arrival (degrees)":39.8988806984}
{"Frequency (Hz)":624.9542828021,"Angle of Arrival (degrees)":46.1622470019}
{"Frequency (Hz)":179.9078530095,"Angle of Arrival (degrees)":35.0935104462}
{"Frequency (Hz)":1230.7444020519,"Angle of Arrival (degrees)":53.5374116848}
{"Frequency (Hz)":1948.6639165444,"Angle of Arrival (degrees)":56.1524079074}
{"Frequency (Hz)":1572.033832004,"Angle of Arrival (degrees)":36.9424311019}
{"Frequency (Hz)":1173.6172090643,"Angle of Arrival (degrees)":31.2033526659}
{"Frequency (Hz)":1504.4436038709,"Angle of Arrival (degrees)":33.1287926878}
{"Frequency (Hz)":965.0698179004,"Angle of Arrival (degrees)":36.6247327965}
{"Frequency (Hz)":84.4571451864,"Angle of Arrival (degrees)":-4.6851615032}
{"Frequency (Hz)":807.1778281773,"Angle of Arrival (degrees)":8.2685763591}
{"Frequency (Hz)":702.7205601594,"Angle of Arrival (degrees)":3.4552296716}
{"Frequency (Hz)":1367.3762547305,"Angle of Arrival (degrees)":-1.3606335051}
{"Frequency (Hz)":1085.3652286149,"Angle of Arrival (degrees)":5.0739911463}
{"Frequency (Hz)":1312.1306240818,"Angle of Arrival (degrees)":-14.4839853799}
{"Frequency (Hz)":1610.8174221223,