{"Frequency (Hz)":1502.0949165217,"Angle of Arrival (degrees)":142.3979249162}
{"Frequency (Hz)":114.4425761311,"Angle of Arrival (degrees)":165.501879621}
{"Frequency (Hz)":238.0363765319,"Angle of Arrival (degrees)":152.8888991264}
{"Frequency (Hz)":50.2237910501,"Angle of Arrival (degrees)":156.0446099862}
{"Frequency (Hz)":1469.065737961,"Angle of Arrival (degrees)":168.0891925293}
{"Frequency (Hz)":1063.6590165795,"Angle of Arrival (degrees)":170.5923436465}
{"Frequency (Hz)":300.1535130063,"Angle of Arrival (degrees)":123.5049478147}
{"Frequency (Hz)":699.5793255128,"Angle of Arrival (degrees)":143.8718580731}
{"Frequency (Hz)":332.9039635616,"Angle of Arrival (degrees)":151.4513194293}
{"Frequency (Hz)":1574.9382352209,"Angle of Arrival (degrees)":127.560694631}
{"Frequency (Hz)":60.9287853907,"Angle of Arrival (degrees)":142.5988004798}
{"Frequency (Hz)":1102.2824767042,"Angle of Arrival (degrees)":158.9692138246}
{"Frequency (Hz)":1823.7393115008,"Angle of Arrival (degrees)":164.1824764173}
{"Frequency (Hz)":1365.8900770412,"Angle of Arrival (degrees)":141.2243283397}
{"Frequency (Hz)":895.8049028056,"Angle of Arrival (degrees)":150.3142229076}
{"Frequency (Hz)":271.00589575,"Angle of Arrival (degrees)":118.2584609887}
{"Frequency (Hz)":1748.1608764053,"Angle of Arrival (degrees)":174.7022224254}
{"Frequency (Hz)":1665.7204795991,"Angle of Arrival (degrees)":147.2752915362}
{"Frequency (Hz)":1296.167109175,"Angle of Arrival (degrees)":102.5101136442}
{"Frequency (Hz)":847.0127906328,"Angle of Arrival (degrees)":115.8508587566}
{"Frequency (Hz)":31.3221247917,"Angle of Arrival (degrees)":127.8820821967}
{"Frequency (Hz)":1348.7558155175,"Angle of Arrival (degrees)":153.4794635525}
{"Frequency (Hz)":748.2743231158,"Angle of Arrival (degrees)":133.8351753995}
{"Frequency (Hz)":981.6687161686,"Angle of Arrival (degrees)":137.3584034613}
{"Frequency (Hz)":929.2041543335,"Angle of Arrival (degrees)":108.7342334278}
{"Frequency (Hz)":874.0115341951,"Angle of Arrival (degrees)":125.4766011292}
{"Frequency (Hz)":1411.6984690689,"Angle of Arrival (degrees)":159.1567017561}
{"Frequency (Hz)":532.837370855,"Angle of Arrival (degrees)":141.5781360757}
{"Frequency (Hz)":1265.9944291007,"Angle of Arrival (degrees)":135.7357929193}
{"Frequency (Hz)":1602.2717922309,"Angle of Arrival (degrees)":150.4262049226}
{"Frequency (Hz)":1198.3371068815,"Angle of Arrival (degrees)":92.0942741537}
{"Frequency (Hz)":435.151732524,"Angle of Arrival (degrees)":157.7018996666}
{"Frequency (Hz)":1916.436309911,"Angle of Arrival (degrees)":143.967458475}
{"Frequency (Hz)":1534.8875136376,"Angle of Arrival (degrees)":98.615591977}
{"Frequency (Hz)":1438.6601215349,"Angle of Arrival (degrees)":168.2815943489}
{"Frequency (Hz)":807.7842760179,"Angle of Arrival (degrees)":96.9056040401}
{"Frequency (Hz)":644.5298794984,"Angle of Arrival (degrees)":126.8375683747}
{"Frequency (Hz)":1939.056702594,"Angle of Arrival (degrees)":118.1594243021}
{"Frequency (Hz)":1991.0931488587,"Angle of Arrival (degrees)":164.0102477018}
{"Frequency (Hz)":1237.2648521622,"Angle of Arrival (degrees)":118.7800968827}
{"Frequency (Hz)":399.5885734854,"Angle of Arrival (degrees)":123.1699153605}
{"Frequency (Hz)":198.8687440123,"Angle of Arrival (degrees)":136.5701006759}
{"Frequency (Hz)":1871.2316011456,"Angle of Arrival (degrees)":145.463125119}
{"Frequency (Hz)":1962.1156163764,"Angle of Arrival (degrees)":124.7372553799}
{"Frequency (Hz)":1958.0954367316,"Angle of Arrival (degrees)":118.5366167173}
{"Frequency (Hz)":81.2823836069,"Angle of Arrival (degrees)":143.9891008825}
{"Frequency (Hz)":1157.8862887775,"Angle of Arrival (degrees)":196.5774734442}
{"Frequency (Hz)":1084.5288923828,"Angle of Arrival (degrees)":140.2619985673}
{"Frequency (Hz)":600.4910389463,"Angle of Arrival (degrees)":142.5186765729}
{"Frequency (Hz)":1017.2168363081,"Angle of Arrival (degrees)":133.176386003}
{"Frequency (Hz)":913.2844622538,"Angle of Arrival (degrees)":169.9174103896}
{"Frequency (Hz)":1902.5963137347,"Angle of Arrival (degrees)":164.6278483794}
{"Frequency (Hz)":349.5652311716,"Angle of Arrival (degrees)":100.7345853803}
{"Frequency (Hz)":1839.8572779598,"Angle of Arrival (degrees)":162.7598929224}
{"Frequency (Hz)":461.355114845,"Angle of Arrival (degrees)":170.1191456328}
{"Frequency (Hz)":92.3828627584,"Angle of Arrival (degrees)":147.9163376151}
{"Frequency (Hz)":960.630356327,"Angle of Arrival (degrees)":146.032182386}
{"Frequency (Hz)":1123.0827352741,"Angle of Arrival (degrees)":137.0464163555}
{"Frequency (Hz)":133.4596732238,"Angle of Arrival (degrees)":157.6822772313}
{"Frequency (Hz)":1330.2835900149,"Angle of Arrival (degrees)":155.1281269111}
{"Frequency (Hz)":766.4406152053,"Angle of Arrival (degrees)":151.8707663076}
{"Frequency (Hz)":1623.8691236477,"Angle of Arrival (degrees)":106.8832238955}
{"Frequency (Hz)":1399.719675313,"Angle of Arrival (degrees)":132.1104518824}
{"Frequency (Hz)":1725.9545652437,"Angle of Arrival (degrees)":132.585797347}
{"Frequency (Hz)":833.0666822601,"Angle of Arrival (degrees)":138.8126719416}
{"Frequency (Hz)":661.3229215391,"Angle of Arrival (degrees)":130.6188198229}
{"Frequency (Hz)":1555.8204405745,"Angle of Arrival (degrees)":119.6053316013}
{"Frequency (Hz)":252.7769110497,"Angle of Arrival (degrees)":127.3751019217}
{"Frequency (Hz)":319.3485972625,"Angle of Arrival (degrees)":132.2089599945}
{"Frequency (Hz)":1885.0237521969,"Angle of Arrival (degrees)":164.424578992}
{"Frequency (Hz)":1785.7591108087,"Angle of Arrival (degrees)":154.1823540314}
{"Frequency (Hz)":1712.7827179545,"Angle of Arrival (degrees)":162.8447956934}
{"Frequency (Hz)":574.6660319278,"Angle of Arrival (degrees)":181.9772092953}
{"Frequency (Hz)":673.2744573605,"Angle of Arrival (degrees)":156.527511393}
{"Frequency (Hz)":1135.9774626042,"Angle of Arrival (degrees)":167.3047972512}
{"Frequency (Hz)":1679.1904615112,"Angle of Arrival (degrees)":181.1158046053}
{"Frequency (Hz)":502.9494853152,"Angle of Arrival (degrees)":133.769776718}
{"Frequency (Hz)":1644.2368639588,"Angle of Arrival (degrees)":166.4857966584}
{"Frequency (Hz)":1520.0910177677,"Angle of Arrival (degrees)":140.0198945073}
{"Frequency (Hz)":1770.0644695331,"Angle of Arrival (degrees)":121.6360281253}
{"Frequency (Hz)":616.7743352949,"Angle of Arrival (degrees)":99.3845297851}
{"Frequency (Hz)":1855.3185764778,"Angle of Arrival (degrees)":106.062993947}
{"Frequency (Hz)":365.4996379534,"Angle of Arrival (degrees)":111.6952385544}
{"Frequency (Hz)":630.4159766306,"Angle of Arrival (degrees)":157.5607860915}
{"Frequency (Hz)":480.2411794482,"Angle of Arrival (degrees)":184.8828598062}
{"Frequency (Hz)":354.9532722839,"Angle of Arrival (degrees)":11.9421156891}
{"Frequency (Hz)":83.0757509597,"Angle of Arrival (degrees)":23.8521038874}
{"Frequency (Hz)":1714.9787335866,"Angle of Arrival (degrees)":33.0369203756}
{"Frequency (Hz)":810.346460918,"Angle of Arrival (degrees)":40.8710859321}
{"Frequency (Hz)":12.4781594945,"Angle of Arrival (degrees)":33.1645911357}
{"Frequency (Hz)":1279.1543146302,"Angle of Arrival (degrees)":26.8854431959}
{"Frequency (Hz)":700.8984447399,"Angle of Arrival (degrees)":41.5920460303}
{"Frequency (Hz)":1315.1755502977,"Angle of Arrival (degrees)":13.2882584711}
{"Frequency (Hz)":1535.8411687991,"Angle of Arrival (degrees)":7.896574235}
{"Frequency (Hz)":1383.0528848654,"Angle of Arrival (degrees)":48.5662249226}
{"Frequency (Hz)":1364.8823281606,"Angle of Arrival (degrees)":8.0911697501}
{"Frequency (Hz)":1468.5920171114,"Angle of Arrival (degrees)":12.2810623207}
{"Frequency (Hz)":474.6249135867,"Angle of Arrival (degrees)":18.3515738341}
{"Frequency (Hz)":1924.3268008027,"Angle of Arrival (degrees)":28.4538426634}
{"Frequency (Hz)":936.1636405757,"Angle of Arrival (degrees)":1.4703301265}
{"Frequency (Hz)":1091.4308074367,"Angle of Arrival (degrees)":1.9829619821}
{"Frequency (Hz)":371.5667982859,"Angle of Arrival (degrees)":29.3395620967}
{"Frequency (Hz)":826.2734677479,