{"Frequency (Hz)":1502.0949165217,"Angle of Arrival (degrees)":142.3979249162}
{"Frequency (Hz)":114.4425761311,"Angle of Arrival (degrees)":165.501879621}
{"Frequency (Hz)":243.2875302982,"Angle of Arrival (degrees)":126.7728804367}
{"Frequency (Hz)":50.2237910501,"Angle of Arrival (degrees)":156.0446099862}
{"Frequency (Hz)":1784.4703474064,"Angle of Arrival (degrees)":130.3620771272}
{"Frequency (Hz)":1468.3779290558,"Angle of Arrival (degrees)":143.1885778052}
{"Frequency (Hz)":1063.6590165795,"Angle of Arrival (degrees)":170.5923436465}
{"Frequency (Hz)":300.1535130063,"Angle of Arrival (degrees)":123.5049478147}
{"Frequency (Hz)":698.1583894115,"Angle of Arrival (degrees)":115.9969111798}
{"Frequency (Hz)":333.9918528505,"Angle of Arrival (degrees)":137.3246682273}
{"Frequency (Hz)":1574.9382352209,"Angle of Arrival (degrees)":127.560694631}
{"Frequency (Hz)":60.9287853907,"Angle of Arrival (degrees)":142.5988004798}
{"Frequency (Hz)":1102.2824767042,"Angle of Arrival (degrees)":158.9692138246}
{"Frequency (Hz)":1823.7393115008,"Angle of Arrival (degrees)":164.1824764173}
{"Frequency (Hz)":1874.2717288195,"Angle of Arrival (degrees)":140.3010616564}
{"Frequency (Hz)":1364.9115176398,"Angle of Arrival (degrees)":128.2453523914}
{"Frequency (Hz)":895.8049028056,"Angle of Arrival (degrees)":150.3142229076}
{"Frequency (Hz)":271.00589575,"Angle of Arrival (degrees)":118.2584609887}
{"Frequency (Hz)":1746.1733049487,"Angle of Arrival (degrees)":151.5474470208}
{"Frequency (Hz)":1665.7204795991,"Angle of Arrival (degrees)":147.2752915362}
{"Frequency (Hz)":1296.167109175,"Angle of Arrival (degrees)":102.5101136442}
{"Frequency (Hz)":847.0127906328,"Angle of Arrival (degrees)":115.8508587566}
{"Frequency (Hz)":31.3221247917,"Angle of Arrival (degrees)":127.8820821967}
{"Frequency (Hz)":1348.7558155175,"Angle of Arrival (degrees)":153.4794635525}
{"Frequency (Hz)":748.2743231158,"Angle of Arrival (degrees)":133.8351753995}
{"Frequency (Hz)":1330.9304097334,"Angle of Arrival (degrees)":134.0822262739}
{"Frequency (Hz)":981.6687161686,"Angle of Arrival (degrees)":137.3584034613}
{"Frequency (Hz)":929.2041543335,"Angle of Arrival (degrees)":108.7342334278}
{"Frequency (Hz)":874.0115341951,"Angle of Arrival (degrees)":125.4766011292}
{"Frequency (Hz)":425.9545687072,"Angle of Arrival (degrees)":129.4942257464}
{"Frequency (Hz)":1415.1914509822,"Angle of Arrival (degrees)":136.5783410939}
{"Frequency (Hz)":539.0701578261,"Angle of Arrival (degrees)":139.2034494844}
{"Frequency (Hz)":1265.9944291007,"Angle of Arrival (degrees)":135.7357929193}
{"Frequency (Hz)":1601.4022475878,"Angle of Arrival (degrees)":130.1748609983}
{"Frequency (Hz)":1196.7357536433,"Angle of Arrival (degrees)":78.6677742756}
{"Frequency (Hz)":443.8316846084,"Angle of Arrival (degrees)":111.9706898404}
{"Frequency (Hz)":1916.436309911,"Angle of Arrival (degrees)":143.967458475}
{"Frequency (Hz)":1534.8875136376,"Angle of Arrival (degrees)":98.615591977}
{"Frequency (Hz)":1438.6601215349,"Angle of Arrival (degrees)":168.2815943489}
{"Frequency (Hz)":807.7842760179,"Angle of Arrival (degrees)":96.9056040401}
{"Frequency (Hz)":637.1944931269,"Angle of Arrival (degrees)":122.0549014833}
{"Frequency (Hz)":1939.056702594,"Angle of Arrival (degrees)":118.1594243021}
{"Frequency (Hz)":1991.0931488587,"Angle of Arrival (degrees)":164.0102477018}
{"Frequency (Hz)":1237.2648521622,"Angle of Arrival (degrees)":118.7800968827}
{"Frequency (Hz)":399.5885734854,"Angle of Arrival (degrees)":123.1699153605}
{"Frequency (Hz)":199.5909741434,"Angle of Arrival (degrees)":115.6100357422}
{"Frequency (Hz)":1152.8076411186,"Angle of Arrival (degrees)":139.1800510077}
{"Frequency (Hz)":1398.0208457632,"Angle of Arrival (degrees)":130.535088227}
{"Frequency (Hz)":1962.1156163764,"Angle of Arrival (degrees)":124.7372553799}
{"Frequency (Hz)":81.0400283317,"Angle of Arrival (degrees)":128.223484329}
{"Frequency (Hz)":1037.5555964347,"Angle of Arrival (degrees)":73.2568945054}
{"Frequency (Hz)":1958.0954367316,"Angle of Arrival (degrees)":118.5366167173}
{"Frequency (Hz)":149.3244984276,"Angle of Arrival (degrees)":81.7733205927}
{"Frequency (Hz)":1084.5288923828,"Angle of Arrival (degrees)":140.2619985673}
{"Frequency (Hz)":600.4910389463,"Angle of Arrival (degrees)":142.5186765729}
{"Frequency (Hz)":1017.2168363081,"Angle of Arrival (degrees)":133.176386003}
{"Frequency (Hz)":913.2844622538,"Angle of Arrival (degrees)":169.9174103896}
{"Frequency (Hz)":1902.5963137347,"Angle of Arrival (degrees)":164.6278483794}
{"Frequency (Hz)":349.5652311716,"Angle of Arrival (degrees)":100.7345853803}
{"Frequency (Hz)":1839.8572779598,"Angle of Arrival (degrees)":162.7598929224}
{"Frequency (Hz)":461.355114845,"Angle of Arrival (degrees)":170.1191456328}
{"Frequency (Hz)":522.9692581036,"Angle of Arrival (degrees)":94.2727374739}
{"Frequency (Hz)":92.3828627584,"Angle of Arrival (degrees)":147.9163376151}
{"Frequency (Hz)":960.630356327,"Angle of Arrival (degrees)":146.032182386}
{"Frequency (Hz)":1123.0827352741,"Angle of Arrival (degrees)":137.0464163555}
{"Frequency (Hz)":790.247227835,"Angle of Arrival (degrees)":63.8711885323}
{"Frequency (Hz)":133.4596732238,"Angle of Arrival (degrees)":157.6822772313}
{"Frequency (Hz)":766.4406152053,"Angle of Arrival (degrees)":151.8707663076}
{"Frequency (Hz)":1623.8691236477,"Angle of Arrival (degrees)":106.8832238955}
{"Frequency (Hz)":1725.9545652437,"Angle of Arrival (degrees)":132.585797347}
{"Frequency (Hz)":658.9595902138,"Angle of Arrival (degrees)":128.3264187799}
{"Frequency (Hz)":833.0666822601,"Angle of Arrival (degrees)":138.8126719416}
{"Frequency (Hz)":1555.8204405745,"Angle of Arrival (degrees)":119.6053316013}
{"Frequency (Hz)":319.3485972625,"Angle of Arrival (degrees)":132.2089599945}
{"Frequency (Hz)":1712.7827179545,"Angle of Arrival (degrees)":162.8447956934}
{"Frequency (Hz)":574.6660319278,"Angle of Arrival (degrees)":181.9772092953}
{"Frequency (Hz)":673.2744573605,"Angle of Arrival (degrees)":156.527511393}
{"Frequency (Hz)":256.5849369874,"Angle of Arrival (degrees)":124.8373131182}
{"Frequency (Hz)":1135.9774626042,"Angle of Arrival (degrees)":167.3047972512}
{"Frequency (Hz)":1679.1904615112,"Angle of Arrival (degrees)":181.1158046053}
{"Frequency (Hz)":502.9494853152,"Angle of Arrival (degrees)":133.769776718}
{"Frequency (Hz)":1644.2368639588,"Angle of Arrival (degrees)":166.4857966584}
{"Frequency (Hz)":1520.0910177677,"Angle of Arrival (degrees)":140.0198945073}
{"Frequency (Hz)":1770.0644695331,"Angle of Arrival (degrees)":121.6360281253}
{"Frequency (Hz)":616.7743352949,"Angle of Arrival (degrees)":99.3845297851}
{"Frequency (Hz)":1855.3185764778,"Angle of Arrival (degrees)":106.062993947}
{"Frequency (Hz)":365.4996379534,"Angle of Arrival (degrees)":111.6952385544}
{"Frequency (Hz)":480.2411794482,"Angle of Arrival (degrees)":184.8828598062}
{"Frequency (Hz)":354.9532722839,"Angle of Arrival (degrees)":11.9421156891}
{"Frequency (Hz)":93.3431907419,"Angle of Arrival (degrees)":27.2392043849}
{"Frequency (Hz)":1714.9787335866,"Angle of Arrival (degrees)":33.0369203756}
{"Frequency (Hz)":810.346460918,"Angle of Arrival (degrees)":40.8710859321}
{"Frequency (Hz)":12.4781594945,"Angle of Arrival (degrees)":33.1645911357}
{"Frequency (Hz)":1279.1543146302,"Angle of Arrival (degrees)":26.8854431959}
{"Frequency (Hz)":704.1460843935,"Angle of Arrival (degrees)":19.8637494905}
{"Frequency (Hz)":1315.1755502977,"Angle of Arrival (degrees)":13.2882584711}
{"Frequency (Hz)":1535.8411687991,"Angle of Arrival (degrees)":7.896574235}
{"Frequency (Hz)":1378.8208066869,"Angle of Arrival (degrees)":28.3004335487}
{"Frequency (Hz)":1364.1194013967,"Angle of Arrival (degrees)":-1.0094529664}
{"Frequency (Hz)":1477.3358486941,"Angle of Arrival (degrees)":3.0787790656}
{"Frequency (Hz)":474.6249135867,"Angle of Arrival (degrees)":18.3515738341}
{"Frequency (Hz)":1924.3268008027,"Angle of Arrival (degrees)":28.4538426634}
{"Frequency (Hz)":936.1636405757,