{"Frequency (Hz)":1501.3906608545,"Angle of Arrival (degrees)":158.09327857}
{"Frequency (Hz)":114.4425761311,"Angle of Arrival (degrees)":165.501879621}
{"Frequency (Hz)":242.5877049289,"Angle of Arrival (degrees)":148.1647356971}
{"Frequency (Hz)":57.6095370318,"Angle of Arrival (degrees)":154.3914498399}
{"Frequency (Hz)":1470.742209607,"Angle of Arrival (degrees)":153.7049771549}
{"Frequency (Hz)":1063.6590165795,"Angle of Arrival (degrees)":170.5923436465}
{"Frequency (Hz)":699.5793255128,"Angle of Arrival (degrees)":143.8718580731}
{"Frequency (Hz)":334.9647856676,"Angle of Arrival (degrees)":142.6602037626}
{"Frequency (Hz)":1579.126369291,"Angle of Arrival (degrees)":166.5357632977}
{"Frequency (Hz)":1102.2824767042,"Angle of Arrival (degrees)":158.9692138246}
{"Frequency (Hz)":1834.4846224735,"Angle of Arrival (degrees)":163.2340874207}
{"Frequency (Hz)":1366.4912656916,"Angle of Arrival (degrees)":147.8321127493}
{"Frequency (Hz)":895.7032795323,"Angle of Arrival (degrees)":153.7360660757}
{"Frequency (Hz)":1746.1100852093,"Angle of Arrival (degrees)":166.1343080953}
{"Frequency (Hz)":1672.8457912052,"Angle of Arrival (degrees)":167.7079230845}
{"Frequency (Hz)":964.8323067184,"Angle of Arrival (degrees)":150.5757153651}
{"Frequency (Hz)":1413.2915455062,"Angle of Arrival (degrees)":155.719796066}
{"Frequency (Hz)":919.2851102108,"Angle of Arrival (degrees)":148.2153459726}
{"Frequency (Hz)":1267.9005508495,"Angle of Arrival (degrees)":152.4862673072}
{"Frequency (Hz)":1600.4814397155,"Angle of Arrival (degrees)":155.5825316547}
{"Frequency (Hz)":436.1021423179,"Angle of Arrival (degrees)":181.3486585009}
{"Frequency (Hz)":1437.0619891464,"Angle of Arrival (degrees)":158.5098668116}
{"Frequency (Hz)":638.5964685688,"Angle of Arrival (degrees)":151.219605697}
{"Frequency (Hz)":1240.9585950289,"Angle of Arrival (degrees)":145.939007561}
{"Frequency (Hz)":398.9255130862,"Angle of Arrival (degrees)":180.0719192204}
{"Frequency (Hz)":203.5978152321,"Angle of Arrival (degrees)":169.2532429277}
{"Frequency (Hz)":1963.3202703924,"Angle of Arrival (degrees)":170.6591279762}
{"Frequency (Hz)":28.5008813599,"Angle of Arrival (degrees)":162.5179232708}
{"Frequency (Hz)":84.0575033947,"Angle of Arrival (degrees)":144.9709100656}
{"Frequency (Hz)":600.4910389463,"Angle of Arrival (degrees)":142.5186765729}
{"Frequency (Hz)":1943.7025329115,"Angle of Arrival (degrees)":129.9692316205}
{"Frequency (Hz)":1905.5520642712,"Angle of Arrival (degrees)":150.6176867208}
{"Frequency (Hz)":863.0892216457,"Angle of Arrival (degrees)":140.8650028809}
{"Frequency (Hz)":1081.6245541717,"Angle of Arrival (degrees)":142.5237890297}
{"Frequency (Hz)":532.6647993286,"Angle of Arrival (degrees)":145.826894847}
{"Frequency (Hz)":1131.6792201608,"Angle of Arrival (degrees)":157.218670286}
{"Frequency (Hz)":747.0824350496,"Angle of Arrival (degrees)":170.1188260954}
{"Frequency (Hz)":133.4596732238,"Angle of Arrival (degrees)":157.6822772313}
{"Frequency (Hz)":1330.2835900149,"Angle of Arrival (degrees)":155.1281269111}
{"Frequency (Hz)":766.4406152053,"Angle of Arrival (degrees)":151.8707663076}
{"Frequency (Hz)":1396.7287280847,"Angle of Arrival (degrees)":165.5226454658}
{"Frequency (Hz)":1716.0756797768,"Angle of Arrival (degrees)":155.2800461068}
{"Frequency (Hz)":833.0666822601,"Angle of Arrival (degrees)":138.8126719416}
{"Frequency (Hz)":668.9745160027,"Angle of Arrival (degrees)":150.4770792698}
{"Frequency (Hz)":1552.6540629834,"Angle of Arrival (degrees)":137.8980160824}
{"Frequency (Hz)":1881.4131215324,"Angle of Arrival (degrees)":172.7434408402}
{"Frequency (Hz)":317.1557545865,"Angle of Arrival (degrees)":182.0966325439}
{"Frequency (Hz)":574.6660319278,"Angle of Arrival (degrees)":181.9772092953}
{"Frequency (Hz)":264.5781429632,"Angle of Arrival (degrees)":132.1434193254}
{"Frequency (Hz)":1998.2617842583,"Angle of Arrival (degrees)":184.3243501702}
{"Frequency (Hz)":508.7630692091,"Angle of Arrival (degrees)":166.1905862314}
{"Frequency (Hz)":1644.2368639588,"Angle of Arrival (degrees)":166.4857966584}
{"Frequency (Hz)":1520.0910177677,"Angle of Arrival (degrees)":140.0198945073}
{"Frequency (Hz)":1012.6524872821,"Angle of Arrival (degrees)":148.3996367628}
{"Frequency (Hz)":1788.210915412,"Angle of Arrival (degrees)":162.9855457215}
{"Frequency (Hz)":874.1698224315,"Angle of Arrival (degrees)":155.6760229234}
{"Frequency (Hz)":984.6566409922,"Angle of Arrival (degrees)":141.3464067642}
{"Frequency (Hz)":459.1590236039,"Angle of Arrival (degrees)":148.0436498336}
{"Frequency (Hz)":366.4532975978,"Angle of Arrival (degrees)":45.3478880207}
{"Frequency (Hz)":1717.0255669708,"Angle of Arrival (degrees)":46.6378947038}
{"Frequency (Hz)":12.4781594945,"Angle of Arrival (degrees)":33.1645911357}
{"Frequency (Hz)":1265.3106479487,"Angle of Arrival (degrees)":36.1149134352}
{"Frequency (Hz)":1318.2204765137,"Angle of Arrival (degrees)":41.0605023221}
{"Frequency (Hz)":1542.6576178003,"Angle of Arrival (degrees)":35.6395822286}
{"Frequency (Hz)":1389.3609812901,"Angle of Arrival (degrees)":47.0663016123}
{"Frequency (Hz)":467.4162077653,"Angle of Arrival (degrees)":26.0553539484}
{"Frequency (Hz)":1924.3268008027,"Angle of Arrival (degrees)":28.4538426634}
{"Frequency (Hz)":939.1601451668,"Angle of Arrival (degrees)":32.4506833928}
{"Frequency (Hz)":377.0834434817,"Angle of Arrival (degrees)":31.8096994333}
{"Frequency (Hz)":824.1623548831,"Angle of Arrival (degrees)":41.0449943333}
{"Frequency (Hz)":1745.7048306706,"Angle of Arrival (degrees)":35.630832539}
{"Frequency (Hz)":1809.8591195969,"Angle of Arrival (degrees)":17.0415979094}
{"Frequency (Hz)":139.8123724,"Angle of Arrival (degrees)":44.8832967562}
{"Frequency (Hz)":1151.8474518436,"Angle of Arrival (degrees)":44.4148729024}
{"Frequency (Hz)":1590.9787818921,"Angle of Arrival (degrees)":52.4250563407}
{"Frequency (Hz)":1786.7320594221,"Angle of Arrival (degrees)":42.5064590454}
{"Frequency (Hz)":1440.9758711241,"Angle of Arrival (degrees)":40.4698949534}
{"Frequency (Hz)":433.3477824857,"Angle of Arrival (degrees)":11.2826568628}
{"Frequency (Hz)":603.07798006,"Angle of Arrival (degrees)":14.4519339935}
{"Frequency (Hz)":785.340562413,"Angle of Arrival (degrees)":51.064066562}
{"Frequency (Hz)":1486.5102313805,"Angle of Arrival (degrees)":23.9294959888}
{"Frequency (Hz)":100.765561598,"Angle of Arrival (degrees)":46.9091583082}
{"Frequency (Hz)":551.0409739603,"Angle of Arrival (degrees)":39.0944023749}
{"Frequency (Hz)":1618.1545689994,"Angle of Arrival (degrees)":39.0590157169}
{"Frequency (Hz)":710.9488614791,"Angle of Arrival (degrees)":53.8612528867}
{"Frequency (Hz)":267.8515867042,"Angle of Arrival (degrees)":61.657935621}
{"Frequency (Hz)":70.528545977,"Angle of Arrival (degrees)":57.1776177042}
{"Frequency (Hz)":1195.7093024542,"Angle of Arrival (degrees)":41.1834059183}
{"Frequency (Hz)":223.9849340924,"Angle of Arrival (degrees)":32.3610705619}
{"Frequency (Hz)":761.7084155183,"Angle of Arrival (degrees)":48.8882258768}
{"Frequency (Hz)":1005.8169629507,"Angle of Arrival (degrees)":34.5365025964}
{"Frequency (Hz)":1356.5084214169,"Angle of Arrival (degrees)":38.1470386275}
{"Frequency (Hz)":659.4623361836,"Angle of Arrival (degrees)":38.2675572273}
{"Frequency (Hz)":514.1194920726,"Angle of Arrival (degrees)":27.7402088326}
{"Frequency (Hz)":686.7975490459,"Angle of Arrival (degrees)":45.9721911211}
{"Frequency (Hz)":883.0049425385,"Angle of Arrival (degrees)":39.9646322298}
{"Frequency (Hz)":1291.0556610039,"Angle of Arrival (degrees)":31.0699667816}
{"Frequency (Hz)":1831.9088687445,"Angle of Arrival (degrees)":38.429243281}
{"Frequency (Hz)":1036.626115972,"Angle of Arrival (degrees)":63.5318655943}
{"Frequency (Hz)":1123.428326443,"Angle of Arrival (degrees)":51.98454055}
{"Frequency (Hz)":624.9542828021,"Angle of Arrival (degrees)":46.1622470019}
{"Frequency (Hz)":179.9078530095,"Angle of Arrival (degrees)":35.0935104462}
{"Frequency (Hz)":339.4312992948,